IGAΚ,IGAΛ,IGGΚ,IGGΛ,IGMΛ,IGMΚ,Κ,Λ
0.31807165476952737,0.6942627575927572,0.5111952442324874,0.7078404475812932,0.30940255236655456,0.6412054232265513,0.3603166158858662,0.4203372259705936
